<?xml version="1.0" encoding="UTF-8"?>
<jboss-deployment-structure>
    <deployment>
        <module-alias name="deployment.scim.for.keycloak"/>
    </deployment>
    <sub-deployment name="scim-for-keycloak-server.jar">
        <dependencies>
            <module name="org.keycloak.keycloak-services"/>
            <module name="org.keycloak.keycloak-model-jpa"/>
            <module name="org.keycloak.keycloak-model-infinispan"/>
            <module name="org.keycloak.keycloak-server-spi-private"/>

            <module name="org.keycloak.keycloak-core"/>
            <module name="org.keycloak.keycloak-server-spi"/>

            <module name="javax.ws.rs.api"/>
            <module name="org.hibernate"/>
            <module name="org.javassist"/>
            <module name="javax.transaction.api"/>
            <module name="javax.persistence.api"/>
        </dependencies>
    </sub-deployment>
</jboss-deployment-structure>
